{
  "buildDurationMs" : 7.8730419999999999,
  "buildPointsPerSec" : 4877403.1689402899,
  "pointsPerStroke" : 160,
  "strokeCount" : 240,
  "totalPointsBuilt" : 38400,
  "totalPointsRemaining" : 30720,
  "undoDurationMs" : 0.062833,
  "validationAllowed" : true
}
